activation,hidden_nodes,lr,dropout,lambda1,lambda2,optimizer,momentum,train_acc,val_acc,final_loss
sigmoid,"[64, 64]",0.001,0.0,0.0,0.0,adam,0.0,0.533125,0.53,0.9485063255690661
sigmoid,"[64, 64]",0.001,0.0,0.0,0.0,momentum,0.9,0.34291666666666665,0.31,1.4855425188640599
sigmoid,"[64, 64]",0.001,0.0,0.0,0.0,momentum,0.99,0.29625,0.32666666666666666,2.714647950010496
sigmoid,"[64, 64]",0.001,0.0,0.0,0.0001,adam,0.0,0.5264583333333334,0.535,1.1138374587567565
sigmoid,"[64, 64]",0.001,0.0,0.0,0.0001,momentum,0.9,0.340625,0.33,2.816763411147557
sigmoid,"[64, 64]",0.001,0.0,0.0,0.0001,momentum,0.99,0.3333333333333333,0.3333333333333333,4.770212388523058
sigmoid,"[64, 64]",0.001,0.0,0.0,0.01,adam,0.0,0.5027083333333333,0.495,14.517226258869869
sigmoid,"[64, 64]",0.001,0.0,0.0,0.01,momentum,0.9,0.36854166666666666,0.37,20.673801270381443
sigmoid,"[64, 64]",0.001,0.0,0.0,0.01,momentum,0.99,0.335625,0.3283333333333333,18.66353306950409
sigmoid,"[64, 64]",0.001,0.0,0.0001,0.0,adam,0.0,0.5547916666666667,0.525,1.1694559008483243
sigmoid,"[64, 64]",0.001,0.0,0.0001,0.0,momentum,0.9,0.35291666666666666,0.3466666666666667,1.9911121837937888
sigmoid,"[64, 64]",0.001,0.0,0.0001,0.0,momentum,0.99,0.3333333333333333,0.3333333333333333,2.4675028567580246
sigmoid,"[64, 64]",0.001,0.0,0.0001,0.0001,adam,0.0,0.564375,0.5516666666666666,1.3180066181143602
sigmoid,"[64, 64]",0.001,0.0,0.0001,0.0001,momentum,0.9,0.33791666666666664,0.3283333333333333,2.3910685324275773
sigmoid,"[64, 64]",0.001,0.0,0.0001,0.0001,momentum,0.99,0.3333333333333333,0.3333333333333333,3.7808583725095106
sigmoid,"[64, 64]",0.001,0.0,0.0001,0.01,adam,0.0,0.51875,0.52,14.168891887589556
sigmoid,"[64, 64]",0.001,0.0,0.0001,0.01,momentum,0.9,0.34520833333333334,0.35833333333333334,18.779558146760245
sigmoid,"[64, 64]",0.001,0.0,0.0001,0.01,momentum,0.99,0.3747916666666667,0.37833333333333335,18.42634008059276
sigmoid,"[64, 64]",0.001,0.5,0.0,0.0,adam,0.0,0.5160416666666666,0.5016666666666667,1.9977879720988616
sigmoid,"[64, 64]",0.001,0.5,0.0,0.0,momentum,0.9,0.304375,0.32,3.1526696027276966
sigmoid,"[64, 64]",0.001,0.5,0.0,0.0,momentum,0.99,0.3333333333333333,0.3333333333333333,4.339387403531608
sigmoid,"[64, 64]",0.001,0.5,0.0,0.0001,adam,0.0,0.51875,0.48833333333333334,2.1510505680864824
sigmoid,"[64, 64]",0.001,0.5,0.0,0.0001,momentum,0.9,0.31958333333333333,0.33,3.601731187904192
sigmoid,"[64, 64]",0.001,0.5,0.0,0.0001,momentum,0.99,0.323125,0.3283333333333333,3.3373273958807514
sigmoid,"[64, 64]",0.001,0.5,0.0,0.01,adam,0.0,0.3935416666666667,0.355,15.057043500330458
sigmoid,"[64, 64]",0.001,0.5,0.0,0.01,momentum,0.9,0.3595833333333333,0.3416666666666667,20.37965412027484
sigmoid,"[64, 64]",0.001,0.5,0.0,0.01,momentum,0.99,0.3333333333333333,0.3516666666666667,19.68839703439549
sigmoid,"[64, 64]",0.001,0.5,0.0001,0.0,adam,0.0,0.5302083333333333,0.5366666666666666,2.343426165812088
sigmoid,"[64, 64]",0.001,0.5,0.0001,0.0,momentum,0.9,0.3335416666666667,0.3333333333333333,4.258458432199353
sigmoid,"[64, 64]",0.001,0.5,0.0001,0.0,momentum,0.99,0.3333333333333333,0.3333333333333333,3.4268257771607535
sigmoid,"[64, 64]",0.001,0.5,0.0001,0.0001,adam,0.0,0.50625,0.48833333333333334,2.4771236489361934
sigmoid,"[64, 64]",0.001,0.5,0.0001,0.0001,momentum,0.9,0.24729166666666666,0.235,4.7178112160446295
sigmoid,"[64, 64]",0.001,0.5,0.0001,0.0001,momentum,0.99,0.3329166666666667,0.3333333333333333,4.456034416687047
sigmoid,"[64, 64]",0.001,0.5,0.0001,0.01,adam,0.0,0.41770833333333335,0.38166666666666665,15.021055431727401
sigmoid,"[64, 64]",0.001,0.5,0.0001,0.01,momentum,0.9,0.396875,0.3883333333333333,20.43825017875908
sigmoid,"[64, 64]",0.001,0.5,0.0001,0.01,momentum,0.99,0.3333333333333333,0.3333333333333333,21.796863125643178
sigmoid,"[64, 64]",0.0001,0.0,0.0,0.0,adam,0.0,0.2708333333333333,0.26666666666666666,1.359782423122047
sigmoid,"[64, 64]",0.0001,0.0,0.0,0.0,momentum,0.9,0.376875,0.38666666666666666,3.455032237764576
sigmoid,"[64, 64]",0.0001,0.0,0.0,0.0,momentum,0.99,0.34,0.345,2.703993019823736
sigmoid,"[64, 64]",0.0001,0.0,0.0,0.0001,adam,0.0,0.41458333333333336,0.43,1.3907342072577074
sigmoid,"[64, 64]",0.0001,0.0,0.0,0.0001,momentum,0.9,0.31354166666666666,0.31833333333333336,2.648425207849928
sigmoid,"[64, 64]",0.0001,0.0,0.0,0.0001,momentum,0.99,0.266875,0.2733333333333333,2.013620125470226
sigmoid,"[64, 64]",0.0001,0.0,0.0,0.01,adam,0.0,0.3333333333333333,0.3333333333333333,19.288649179615405
sigmoid,"[64, 64]",0.0001,0.0,0.0,0.01,momentum,0.9,0.3333333333333333,0.33,19.20745836241244
sigmoid,"[64, 64]",0.0001,0.0,0.0,0.01,momentum,0.99,0.27416666666666667,0.285,18.56690314958827
sigmoid,"[64, 64]",0.0001,0.0,0.0001,0.0,adam,0.0,0.435625,0.45666666666666667,1.4381626524325517
sigmoid,"[64, 64]",0.0001,0.0,0.0001,0.0,momentum,0.9,0.33770833333333333,0.31833333333333336,1.7152286651272095
sigmoid,"[64, 64]",0.0001,0.0,0.0001,0.0,momentum,0.99,0.34479166666666666,0.335,2.8428958637221435
sigmoid,"[64, 64]",0.0001,0.0,0.0001,0.0001,adam,0.0,0.305,0.30333333333333334,1.849571451074242
sigmoid,"[64, 64]",0.0001,0.0,0.0001,0.0001,momentum,0.9,0.28770833333333334,0.32166666666666666,3.828505135854948
sigmoid,"[64, 64]",0.0001,0.0,0.0001,0.0001,momentum,0.99,0.3329166666666667,0.34,2.3592404774545743
sigmoid,"[64, 64]",0.0001,0.0,0.0001,0.01,adam,0.0,0.39958333333333335,0.3933333333333333,18.245016774702616
sigmoid,"[64, 64]",0.0001,0.0,0.0001,0.01,momentum,0.9,0.3525,0.3516666666666667,18.724635692152994
sigmoid,"[64, 64]",0.0001,0.0,0.0001,0.01,momentum,0.99,0.33229166666666665,0.33,20.028087120120265
sigmoid,"[64, 64]",0.0001,0.5,0.0,0.0,adam,0.0,0.3466666666666667,0.36666666666666664,2.6987176780702793
sigmoid,"[64, 64]",0.0001,0.5,0.0,0.0,momentum,0.9,0.31854166666666667,0.325,3.160466684537003
sigmoid,"[64, 64]",0.0001,0.5,0.0,0.0,momentum,0.99,0.3129166666666667,0.30833333333333335,3.3957208627286466
sigmoid,"[64, 64]",0.0001,0.5,0.0,0.0001,adam,0.0,0.46479166666666666,0.44666666666666666,3.0864089199781044
sigmoid,"[64, 64]",0.0001,0.5,0.0,0.0001,momentum,0.9,0.3310416666666667,0.32166666666666666,2.947498218671737
sigmoid,"[64, 64]",0.0001,0.5,0.0,0.0001,momentum,0.99,0.33416666666666667,0.3283333333333333,4.736151487241393
sigmoid,"[64, 64]",0.0001,0.5,0.0,0.01,adam,0.0,0.36666666666666664,0.385,19.8909702608456
sigmoid,"[64, 64]",0.0001,0.5,0.0,0.01,momentum,0.9,0.33645833333333336,0.335,20.58966080583787
sigmoid,"[64, 64]",0.0001,0.5,0.0,0.01,momentum,0.99,0.339375,0.32,19.872414939828175
sigmoid,"[64, 64]",0.0001,0.5,0.0001,0.0,adam,0.0,0.349375,0.35333333333333333,3.3212377164919835
sigmoid,"[64, 64]",0.0001,0.5,0.0001,0.0,momentum,0.9,0.3177083333333333,0.31666666666666665,5.056255255571305
sigmoid,"[64, 64]",0.0001,0.5,0.0001,0.0,momentum,0.99,0.3333333333333333,0.3333333333333333,4.756737402839676
sigmoid,"[64, 64]",0.0001,0.5,0.0001,0.0001,adam,0.0,0.3566666666666667,0.35,3.6644994042009276
sigmoid,"[64, 64]",0.0001,0.5,0.0001,0.0001,momentum,0.9,0.34208333333333335,0.36333333333333334,3.302478424138626
sigmoid,"[64, 64]",0.0001,0.5,0.0001,0.0001,momentum,0.99,0.3333333333333333,0.3333333333333333,4.064210712986754
sigmoid,"[64, 64]",0.0001,0.5,0.0001,0.01,adam,0.0,0.3154166666666667,0.31666666666666665,19.87374780342064
sigmoid,"[64, 64]",0.0001,0.5,0.0001,0.01,momentum,0.9,0.29333333333333333,0.30833333333333335,21.455051216062685
sigmoid,"[64, 64]",0.0001,0.5,0.0001,0.01,momentum,0.99,0.34291666666666665,0.34833333333333333,20.32664321906858
sigmoid,"[64, 64, 64]",0.001,0.0,0.0,0.0,adam,0.0,0.5610416666666667,0.5533333333333333,0.9022922934811485
sigmoid,"[64, 64, 64]",0.001,0.0,0.0,0.0,momentum,0.9,0.269375,0.275,1.3082675490021949
sigmoid,"[64, 64, 64]",0.001,0.0,0.0,0.0,momentum,0.99,0.3333333333333333,0.3333333333333333,2.477371098564504
sigmoid,"[64, 64, 64]",0.001,0.0,0.0,0.0001,adam,0.0,0.576875,0.5483333333333333,1.1916796534089829
sigmoid,"[64, 64, 64]",0.001,0.0,0.0,0.0001,momentum,0.9,0.3333333333333333,0.3333333333333333,6.8881391473444324
sigmoid,"[64, 64, 64]",0.001,0.0,0.0,0.0001,momentum,0.99,0.355625,0.36333333333333334,1.6750539144500096
sigmoid,"[64, 64, 64]",0.001,0.0,0.0,0.01,adam,0.0,0.4585416666666667,0.4766666666666667,24.689300232928932
sigmoid,"[64, 64, 64]",0.001,0.0,0.0,0.01,momentum,0.9,0.31583333333333335,0.335,33.03194534793769
sigmoid,"[64, 64, 64]",0.001,0.0,0.0,0.01,momentum,0.99,0.34958333333333336,0.34833333333333333,32.075916438602675
sigmoid,"[64, 64, 64]",0.001,0.0,0.0001,0.0,adam,0.0,0.5672916666666666,0.5366666666666666,1.3390551462098235
sigmoid,"[64, 64, 64]",0.001,0.0,0.0001,0.0,momentum,0.9,0.3439583333333333,0.3466666666666667,1.6260949509438107
sigmoid,"[64, 64, 64]",0.001,0.0,0.0001,0.0,momentum,0.99,0.335,0.33,1.9851008667916137
sigmoid,"[64, 64, 64]",0.001,0.0,0.0001,0.0001,adam,0.0,0.575,0.555,1.6187890604526876
sigmoid,"[64, 64, 64]",0.001,0.0,0.0001,0.0001,momentum,0.9,0.348125,0.33666666666666667,2.3228251069686983
sigmoid,"[64, 64, 64]",0.001,0.0,0.0001,0.0001,momentum,0.99,0.3333333333333333,0.3333333333333333,4.144190070074953
sigmoid,"[64, 64, 64]",0.001,0.0,0.0001,0.01,adam,0.0,0.531875,0.525,23.5692070882323
sigmoid,"[64, 64, 64]",0.001,0.0,0.0001,0.01,momentum,0.9,0.32083333333333336,0.315,32.88283284144097
sigmoid,"[64, 64, 64]",0.001,0.0,0.0001,0.01,momentum,0.99,0.3254166666666667,0.325,32.76205968913974
sigmoid,"[64, 64, 64]",0.001,0.5,0.0,0.0,adam,0.0,0.406875,0.4066666666666667,1.9780415536570652
sigmoid,"[64, 64, 64]",0.001,0.5,0.0,0.0,momentum,0.9,0.3333333333333333,0.3333333333333333,2.9838036665141088
sigmoid,"[64, 64, 64]",0.001,0.5,0.0,0.0,momentum,0.99,0.41625,0.38166666666666665,2.854720622283446
sigmoid,"[64, 64, 64]",0.001,0.5,0.0,0.0001,adam,0.0,0.49333333333333335,0.47,2.237617693588589
sigmoid,"[64, 64, 64]",0.001,0.5,0.0,0.0001,momentum,0.9,0.3333333333333333,0.3333333333333333,4.3968799230347955
sigmoid,"[64, 64, 64]",0.001,0.5,0.0,0.0001,momentum,0.99,0.3333333333333333,0.3333333333333333,4.863176808528155
sigmoid,"[64, 64, 64]",0.001,0.5,0.0,0.01,adam,0.0,0.45375,0.405,24.85157554188867
sigmoid,"[64, 64, 64]",0.001,0.5,0.0,0.01,momentum,0.9,0.33645833333333336,0.3333333333333333,32.785540685719994
sigmoid,"[64, 64, 64]",0.001,0.5,0.0,0.01,momentum,0.99,0.3333333333333333,0.3333333333333333,33.67787189201638
sigmoid,"[64, 64, 64]",0.001,0.5,0.0001,0.0,adam,0.0,0.45458333333333334,0.41333333333333333,2.3403923378626175
sigmoid,"[64, 64, 64]",0.001,0.5,0.0001,0.0,momentum,0.9,0.33208333333333334,0.335,3.5478964972334652
sigmoid,"[64, 64, 64]",0.001,0.5,0.0001,0.0,momentum,0.99,0.3333333333333333,0.3333333333333333,4.736241879366944
sigmoid,"[64, 64, 64]",0.001,0.5,0.0001,0.0001,adam,0.0,0.486875,0.48333333333333334,2.8082450575001445
sigmoid,"[64, 64, 64]",0.001,0.5,0.0001,0.0001,momentum,0.9,0.30645833333333333,0.31333333333333335,3.7848932845172274
sigmoid,"[64, 64, 64]",0.001,0.5,0.0001,0.0001,momentum,0.99,0.353125,0.36,4.7000581850308105
sigmoid,"[64, 64, 64]",0.001,0.5,0.0001,0.01,adam,0.0,0.34541666666666665,0.3433333333333333,25.29525748688041
sigmoid,"[64, 64, 64]",0.001,0.5,0.0001,0.01,momentum,0.9,0.3329166666666667,0.3333333333333333,34.15225452720182
sigmoid,"[64, 64, 64]",0.001,0.5,0.0001,0.01,momentum,0.99,0.324375,0.315,34.42361808468966
sigmoid,"[64, 64, 64]",0.0001,0.0,0.0,0.0,adam,0.0,0.475,0.4633333333333333,1.5980160539445851
sigmoid,"[64, 64, 64]",0.0001,0.0,0.0,0.0,momentum,0.9,0.3333333333333333,0.3333333333333333,2.480072230595568
sigmoid,"[64, 64, 64]",0.0001,0.0,0.0,0.0,momentum,0.99,0.3333333333333333,0.3333333333333333,1.5946534413366797
sigmoid,"[64, 64, 64]",0.0001,0.0,0.0,0.0001,adam,0.0,0.37604166666666666,0.365,1.5213614839556469
sigmoid,"[64, 64, 64]",0.0001,0.0,0.0,0.0001,momentum,0.9,0.35354166666666664,0.335,2.162527026633597
sigmoid,"[64, 64, 64]",0.0001,0.0,0.0,0.0001,momentum,0.99,0.395625,0.4033333333333333,1.4686436699023944
sigmoid,"[64, 64, 64]",0.0001,0.0,0.0,0.01,adam,0.0,0.33125,0.32666666666666666,31.719751180999438
sigmoid,"[64, 64, 64]",0.0001,0.0,0.0,0.01,momentum,0.9,0.3335416666666667,0.33,33.770139545057475
sigmoid,"[64, 64, 64]",0.0001,0.0,0.0,0.01,momentum,0.99,0.33666666666666667,0.3466666666666667,31.99447940472134
sigmoid,"[64, 64, 64]",0.0001,0.0,0.0001,0.0,adam,0.0,0.42583333333333334,0.4216666666666667,1.499958131422685
sigmoid,"[64, 64, 64]",0.0001,0.0,0.0001,0.0,momentum,0.9,0.3333333333333333,0.3333333333333333,2.9886020187417897
sigmoid,"[64, 64, 64]",0.0001,0.0,0.0001,0.0,momentum,0.99,0.3375,0.33666666666666667,3.435440361153825
sigmoid,"[64, 64, 64]",0.0001,0.0,0.0001,0.0001,adam,0.0,0.4683333333333333,0.4666666666666667,1.801155730098513
sigmoid,"[64, 64, 64]",0.0001,0.0,0.0001,0.0001,momentum,0.9,0.34208333333333335,0.3433333333333333,3.08686407369343
sigmoid,"[64, 64, 64]",0.0001,0.0,0.0001,0.0001,momentum,0.99,0.3333333333333333,0.3333333333333333,2.709113212888911
sigmoid,"[64, 64, 64]",0.0001,0.0,0.0001,0.01,adam,0.0,0.410625,0.39,31.67123558278605
sigmoid,"[64, 64, 64]",0.0001,0.0,0.0001,0.01,momentum,0.9,0.3333333333333333,0.3333333333333333,34.71266931716012
sigmoid,"[64, 64, 64]",0.0001,0.0,0.0001,0.01,momentum,0.99,0.3333333333333333,0.3333333333333333,33.56922303013117
sigmoid,"[64, 64, 64]",0.0001,0.5,0.0,0.0,adam,0.0,0.33958333333333335,0.3283333333333333,3.145061261133256
sigmoid,"[64, 64, 64]",0.0001,0.5,0.0,0.0,momentum,0.9,0.324375,0.35,3.1456603078146994
sigmoid,"[64, 64, 64]",0.0001,0.5,0.0,0.0,momentum,0.99,0.39,0.4033333333333333,3.271865759328762
sigmoid,"[64, 64, 64]",0.0001,0.5,0.0,0.0001,adam,0.0,0.3333333333333333,0.335,3.46126053382397
sigmoid,"[64, 64, 64]",0.0001,0.5,0.0,0.0001,momentum,0.9,0.3333333333333333,0.3333333333333333,4.317747617173372
sigmoid,"[64, 64, 64]",0.0001,0.5,0.0,0.0001,momentum,0.99,0.32875,0.33666666666666667,3.720946238310807
sigmoid,"[64, 64, 64]",0.0001,0.5,0.0,0.01,adam,0.0,0.331875,0.33166666666666667,33.50674337161025
sigmoid,"[64, 64, 64]",0.0001,0.5,0.0,0.01,momentum,0.9,0.38333333333333336,0.37,33.44811856474888
sigmoid,"[64, 64, 64]",0.0001,0.5,0.0,0.01,momentum,0.99,0.3335416666666667,0.32,33.35274248870662
sigmoid,"[64, 64, 64]",0.0001,0.5,0.0001,0.0,adam,0.0,0.30875,0.3283333333333333,3.2498978974304715
sigmoid,"[64, 64, 64]",0.0001,0.5,0.0001,0.0,momentum,0.9,0.3333333333333333,0.3333333333333333,4.575948247812919
sigmoid,"[64, 64, 64]",0.0001,0.5,0.0001,0.0,momentum,0.99,0.33625,0.3333333333333333,3.582428491813454
sigmoid,"[64, 64, 64]",0.0001,0.5,0.0001,0.0001,adam,0.0,0.38729166666666665,0.3616666666666667,4.064241958000845
sigmoid,"[64, 64, 64]",0.0001,0.5,0.0001,0.0001,momentum,0.9,0.333125,0.3333333333333333,4.072937196257325
sigmoid,"[64, 64, 64]",0.0001,0.5,0.0001,0.0001,momentum,0.99,0.2710416666666667,0.2916666666666667,4.125485625919882
sigmoid,"[64, 64, 64]",0.0001,0.5,0.0001,0.01,adam,0.0,0.3333333333333333,0.3333333333333333,33.89450202207272
sigmoid,"[64, 64, 64]",0.0001,0.5,0.0001,0.01,momentum,0.9,0.3333333333333333,0.3333333333333333,34.9044940147654
sigmoid,"[64, 64, 64]",0.0001,0.5,0.0001,0.01,momentum,0.99,0.3333333333333333,0.3333333333333333,34.50345828933757
sigmoid,"[128, 128, 128]",0.001,0.0,0.0,0.0,adam,0.0,0.5977083333333333,0.5816666666666667,0.8425485584824829
sigmoid,"[128, 128, 128]",0.001,0.0,0.0,0.0,momentum,0.9,0.3072916666666667,0.2916666666666667,3.0894947975992544
sigmoid,"[128, 128, 128]",0.001,0.0,0.0,0.0,momentum,0.99,0.41479166666666667,0.395,1.5901220329240633
sigmoid,"[128, 128, 128]",0.001,0.0,0.0,0.0001,adam,0.0,0.6120833333333333,0.5716666666666667,1.932087604388839
sigmoid,"[128, 128, 128]",0.001,0.0,0.0,0.0001,momentum,0.9,0.334375,0.33,2.7330009502832646
sigmoid,"[128, 128, 128]",0.001,0.0,0.0,0.0001,momentum,0.99,0.27125,0.29,3.0532122244865203
sigmoid,"[128, 128, 128]",0.001,0.0,0.0,0.01,adam,0.0,0.5266666666666666,0.51,90.09711999570199
sigmoid,"[128, 128, 128]",0.001,0.0,0.0,0.01,momentum,0.9,0.3672916666666667,0.365,116.62383450968268
sigmoid,"[128, 128, 128]",0.001,0.0,0.0,0.01,momentum,0.99,0.37104166666666666,0.375,116.97029681907918
sigmoid,"[128, 128, 128]",0.001,0.0,0.0001,0.0,adam,0.0,0.6139583333333334,0.5766666666666667,2.5142027597487164
sigmoid,"[128, 128, 128]",0.001,0.0,0.0001,0.0,momentum,0.9,0.335,0.365,4.995435459694741
sigmoid,"[128, 128, 128]",0.001,0.0,0.0001,0.0,momentum,0.99,0.313125,0.32666666666666666,3.412806152169101
sigmoid,"[128, 128, 128]",0.001,0.0,0.0001,0.0001,adam,0.0,0.6008333333333333,0.5733333333333334,3.557076500494524
sigmoid,"[128, 128, 128]",0.001,0.0,0.0001,0.0001,momentum,0.9,0.33479166666666665,0.33,4.692211288251363
sigmoid,"[128, 128, 128]",0.001,0.0,0.0001,0.0001,momentum,0.99,0.3389583333333333,0.3433333333333333,4.7511834674615425
sigmoid,"[128, 128, 128]",0.001,0.0,0.0001,0.01,adam,0.0,0.5397916666666667,0.53,90.07309194524021
sigmoid,"[128, 128, 128]",0.001,0.0,0.0001,0.01,momentum,0.9,0.36791666666666667,0.3616666666666667,117.64416099495006
sigmoid,"[128, 128, 128]",0.001,0.0,0.0001,0.01,momentum,0.99,0.37395833333333334,0.38,118.15453205208298
sigmoid,"[128, 128, 128]",0.001,0.5,0.0,0.0,adam,0.0,0.4764583333333333,0.4633333333333333,2.9806537584306194
sigmoid,"[128, 128, 128]",0.001,0.5,0.0,0.0,momentum,0.9,0.3325,0.33166666666666667,4.667898982547481
sigmoid,"[128, 128, 128]",0.001,0.5,0.0,0.0,momentum,0.99,0.32958333333333334,0.3333333333333333,4.330122104742163
sigmoid,"[128, 128, 128]",0.001,0.5,0.0,0.0001,adam,0.0,0.405,0.4066666666666667,4.31051589336822
sigmoid,"[128, 128, 128]",0.001,0.5,0.0,0.0001,momentum,0.9,0.3335416666666667,0.335,6.262300959822761
sigmoid,"[128, 128, 128]",0.001,0.5,0.0,0.0001,momentum,0.99,0.331875,0.33166666666666667,6.100524554342304
sigmoid,"[128, 128, 128]",0.001,0.5,0.0,0.01,adam,0.0,0.3435416666666667,0.35333333333333333,89.06154055786712
sigmoid,"[128, 128, 128]",0.001,0.5,0.0,0.01,momentum,0.9,0.355625,0.3433333333333333,120.032957211692
sigmoid,"[128, 128, 128]",0.001,0.5,0.0,0.01,momentum,0.99,0.38625,0.39166666666666666,121.00021709666787
sigmoid,"[128, 128, 128]",0.001,0.5,0.0001,0.0,adam,0.0,0.46541666666666665,0.43166666666666664,4.4529845718451
sigmoid,"[128, 128, 128]",0.001,0.5,0.0001,0.0,momentum,0.9,0.34541666666666665,0.3466666666666667,6.259780604681362
sigmoid,"[128, 128, 128]",0.001,0.5,0.0001,0.0,momentum,0.99,0.29583333333333334,0.2833333333333333,6.4482593617148005
sigmoid,"[128, 128, 128]",0.001,0.5,0.0001,0.0001,adam,0.0,0.5185416666666667,0.5083333333333333,4.9818618228432845
sigmoid,"[128, 128, 128]",0.001,0.5,0.0001,0.0001,momentum,0.9,0.3070833333333333,0.33666666666666667,8.585251555339626
sigmoid,"[128, 128, 128]",0.001,0.5,0.0001,0.0001,momentum,0.99,0.34,0.33666666666666667,7.01677829024672
sigmoid,"[128, 128, 128]",0.001,0.5,0.0001,0.01,adam,0.0,0.41,0.38333333333333336,90.65822675174225
sigmoid,"[128, 128, 128]",0.001,0.5,0.0001,0.01,momentum,0.9,0.33666666666666667,0.3333333333333333,121.38686190109748
sigmoid,"[128, 128, 128]",0.001,0.5,0.0001,0.01,momentum,0.99,0.336875,0.33166666666666667,121.02820381898583
sigmoid,"[128, 128, 128]",0.0001,0.0,0.0,0.0,adam,0.0,0.483125,0.44666666666666666,1.0511313969131513
sigmoid,"[128, 128, 128]",0.0001,0.0,0.0,0.0,momentum,0.9,0.3333333333333333,0.3333333333333333,5.314435234922506
sigmoid,"[128, 128, 128]",0.0001,0.0,0.0,0.0,momentum,0.99,0.3333333333333333,0.3333333333333333,6.025249040801355
sigmoid,"[128, 128, 128]",0.0001,0.0,0.0,0.0001,adam,0.0,0.4352083333333333,0.4216666666666667,2.329826974706185
sigmoid,"[128, 128, 128]",0.0001,0.0,0.0,0.0001,momentum,0.9,0.3672916666666667,0.37166666666666665,4.493426653940188
sigmoid,"[128, 128, 128]",0.0001,0.0,0.0,0.0001,momentum,0.99,0.3279166666666667,0.325,3.232081780817624
sigmoid,"[128, 128, 128]",0.0001,0.0,0.0,0.01,adam,0.0,0.3120833333333333,0.3283333333333333,114.51022468229152
sigmoid,"[128, 128, 128]",0.0001,0.0,0.0,0.01,momentum,0.9,0.3375,0.3466666666666667,119.38536478698259
sigmoid,"[128, 128, 128]",0.0001,0.0,0.0,0.01,momentum,0.99,0.3333333333333333,0.3333333333333333,123.78308702236419
sigmoid,"[128, 128, 128]",0.0001,0.0,0.0001,0.0,adam,0.0,0.5220833333333333,0.51,2.6884336466647056
sigmoid,"[128, 128, 128]",0.0001,0.0,0.0001,0.0,momentum,0.9,0.3389583333333333,0.3433333333333333,5.8788291374898565
sigmoid,"[128, 128, 128]",0.0001,0.0,0.0001,0.0,momentum,0.99,0.3775,0.3516666666666667,3.3306472151275113
sigmoid,"[128, 128, 128]",0.0001,0.0,0.0001,0.0001,adam,0.0,0.33166666666666667,0.3333333333333333,5.407508672531489
sigmoid,"[128, 128, 128]",0.0001,0.0,0.0001,0.0001,momentum,0.9,0.33229166666666665,0.33166666666666667,7.153333671052133
sigmoid,"[128, 128, 128]",0.0001,0.0,0.0001,0.0001,momentum,0.99,0.3329166666666667,0.33,5.991513403621372
sigmoid,"[128, 128, 128]",0.0001,0.0,0.0001,0.01,adam,0.0,0.42354166666666665,0.4,114.50875256977704
sigmoid,"[128, 128, 128]",0.0001,0.0,0.0001,0.01,momentum,0.9,0.33708333333333335,0.3333333333333333,120.08520134309614
sigmoid,"[128, 128, 128]",0.0001,0.0,0.0001,0.01,momentum,0.99,0.28875,0.27666666666666667,119.78969309830119
sigmoid,"[128, 128, 128]",0.0001,0.5,0.0,0.0,adam,0.0,0.3525,0.3416666666666667,5.300329560105905
sigmoid,"[128, 128, 128]",0.0001,0.5,0.0,0.0,momentum,0.9,0.3333333333333333,0.3333333333333333,6.959374979481745
sigmoid,"[128, 128, 128]",0.0001,0.5,0.0,0.0,momentum,0.99,0.33208333333333334,0.315,6.469211680517154
sigmoid,"[128, 128, 128]",0.0001,0.5,0.0,0.0001,adam,0.0,0.41770833333333335,0.415,5.051971274424307
sigmoid,"[128, 128, 128]",0.0001,0.5,0.0,0.0001,momentum,0.9,0.3333333333333333,0.3333333333333333,7.891025764361451
sigmoid,"[128, 128, 128]",0.0001,0.5,0.0,0.0001,momentum,0.99,0.33375,0.3333333333333333,6.456184603516935
sigmoid,"[128, 128, 128]",0.0001,0.5,0.0,0.01,adam,0.0,0.2791666666666667,0.25666666666666665,116.42226544178122
sigmoid,"[128, 128, 128]",0.0001,0.5,0.0,0.01,momentum,0.9,0.36375,0.35833333333333334,120.68325258765796
sigmoid,"[128, 128, 128]",0.0001,0.5,0.0,0.01,momentum,0.99,0.3333333333333333,0.3333333333333333,122.2083831243898
sigmoid,"[128, 128, 128]",0.0001,0.5,0.0001,0.0,adam,0.0,0.3770833333333333,0.35333333333333333,6.940868628881855
sigmoid,"[128, 128, 128]",0.0001,0.5,0.0001,0.0,momentum,0.9,0.33229166666666665,0.33166666666666667,7.519593427960721
sigmoid,"[128, 128, 128]",0.0001,0.5,0.0001,0.0,momentum,0.99,0.3675,0.36666666666666664,6.182659733392345
sigmoid,"[128, 128, 128]",0.0001,0.5,0.0001,0.0001,adam,0.0,0.42354166666666665,0.4066666666666667,7.424194197304032
sigmoid,"[128, 128, 128]",0.0001,0.5,0.0001,0.0001,momentum,0.9,0.3333333333333333,0.3333333333333333,9.073010201453652
sigmoid,"[128, 128, 128]",0.0001,0.5,0.0001,0.0001,momentum,0.99,0.34291666666666665,0.3433333333333333,7.93724333902215
sigmoid,"[128, 128, 128]",0.0001,0.5,0.0001,0.01,adam,0.0,0.33708333333333335,0.32166666666666666,119.29956694627525
sigmoid,"[128, 128, 128]",0.0001,0.5,0.0001,0.01,momentum,0.9,0.3302083333333333,0.33666666666666667,121.96421303765001
sigmoid,"[128, 128, 128]",0.0001,0.5,0.0001,0.01,momentum,0.99,0.3360416666666667,0.3416666666666667,123.3444416486646
relu,"[64, 64]",0.001,0.0,0.0,0.0,adam,0.0,0.519375,0.47833333333333333,2.291362140405188
relu,"[64, 64]",0.001,0.0,0.0,0.0,momentum,0.9,0.37145833333333333,0.38666666666666666,5.948990665120221
relu,"[64, 64]",0.001,0.0,0.0,0.0,momentum,0.99,0.4189583333333333,0.4166666666666667,7.4178494523477045
relu,"[64, 64]",0.001,0.0,0.0,0.0001,adam,0.0,0.5135416666666667,0.5016666666666667,2.242103363784319
relu,"[64, 64]",0.001,0.0,0.0,0.0001,momentum,0.9,0.414375,0.3983333333333333,6.393183067708639
relu,"[64, 64]",0.001,0.0,0.0,0.0001,momentum,0.99,0.374375,0.39,10.201926202322966
relu,"[64, 64]",0.001,0.0,0.0,0.01,adam,0.0,0.5214583333333334,0.49833333333333335,17.0435162881089
relu,"[64, 64]",0.001,0.0,0.0,0.01,momentum,0.9,0.4325,0.4266666666666667,22.48463310805275
relu,"[64, 64]",0.001,0.0,0.0,0.01,momentum,0.99,0.3614583333333333,0.3466666666666667,25.267543737608364
relu,"[64, 64]",0.001,0.0,0.0001,0.0,adam,0.0,0.47583333333333333,0.445,3.167658757208892
relu,"[64, 64]",0.001,0.0,0.0001,0.0,momentum,0.9,0.43395833333333333,0.435,5.357915763762875
relu,"[64, 64]",0.001,0.0,0.0001,0.0,momentum,0.99,0.39729166666666665,0.37666666666666665,9.992576194702655
relu,"[64, 64]",0.001,0.0,0.0001,0.0001,adam,0.0,0.5520833333333334,0.5266666666666666,2.4664138747031172
relu,"[64, 64]",0.001,0.0,0.0001,0.0001,momentum,0.9,0.3670833333333333,0.37666666666666665,6.205710338848171
relu,"[64, 64]",0.001,0.0,0.0001,0.0001,momentum,0.99,0.37916666666666665,0.38333333333333336,8.347264181008294
relu,"[64, 64]",0.001,0.0,0.0001,0.01,adam,0.0,0.525,0.4766666666666667,16.8781977162755
relu,"[64, 64]",0.001,0.0,0.0001,0.01,momentum,0.9,0.48604166666666665,0.48333333333333334,23.435702047369276
relu,"[64, 64]",0.001,0.0,0.0001,0.01,momentum,0.99,0.3358333333333333,0.32166666666666666,26.588568430017432
relu,"[64, 64]",0.001,0.5,0.0,0.0,adam,0.0,0.54625,0.5316666666666666,11.314732932946162
relu,"[64, 64]",0.001,0.5,0.0,0.0,momentum,0.9,0.233125,0.26166666666666666,18.25002644862548
relu,"[64, 64]",0.001,0.5,0.0,0.0,momentum,0.99,0.403125,0.38166666666666665,16.38832228241168
relu,"[64, 64]",0.001,0.5,0.0,0.0001,adam,0.0,0.5039583333333333,0.48333333333333334,11.778730284143112
relu,"[64, 64]",0.001,0.5,0.0,0.0001,momentum,0.9,0.37,0.39166666666666666,15.68222721567977
relu,"[64, 64]",0.001,0.5,0.0,0.0001,momentum,0.99,0.361875,0.36,16.21244513186454
relu,"[64, 64]",0.001,0.5,0.0,0.01,adam,0.0,0.48833333333333334,0.4683333333333333,27.572003862884316
relu,"[64, 64]",0.001,0.5,0.0,0.01,momentum,0.9,0.36875,0.34,32.19255603996769
relu,"[64, 64]",0.001,0.5,0.0,0.01,momentum,0.99,0.4427083333333333,0.42,32.34593025940476
relu,"[64, 64]",0.001,0.5,0.0001,0.0,adam,0.0,0.5320833333333334,0.53,10.532615635675763
relu,"[64, 64]",0.001,0.5,0.0001,0.0,momentum,0.9,0.35208333333333336,0.335,14.495068077748057
relu,"[64, 64]",0.001,0.5,0.0001,0.0,momentum,0.99,0.363125,0.345,17.663998195664504
relu,"[64, 64]",0.001,0.5,0.0001,0.0001,adam,0.0,0.46458333333333335,0.4766666666666667,11.767964512285385
relu,"[64, 64]",0.001,0.5,0.0001,0.0001,momentum,0.9,0.38104166666666667,0.38,15.948608832885267
relu,"[64, 64]",0.001,0.5,0.0001,0.0001,momentum,0.99,0.36041666666666666,0.3516666666666667,17.182641228193916
relu,"[64, 64]",0.001,0.5,0.0001,0.01,adam,0.0,0.48104166666666665,0.45166666666666666,25.501002474133394
relu,"[64, 64]",0.001,0.5,0.0001,0.01,momentum,0.9,0.30125,0.2783333333333333,33.037205837749575
relu,"[64, 64]",0.001,0.5,0.0001,0.01,momentum,0.99,0.40291666666666665,0.40166666666666667,33.54780601124544
relu,"[64, 64]",0.0001,0.0,0.0,0.0,adam,0.0,0.3425,0.3433333333333333,9.978151098002316
relu,"[64, 64]",0.0001,0.0,0.0,0.0,momentum,0.9,0.313125,0.31166666666666665,8.165229328966365
relu,"[64, 64]",0.0001,0.0,0.0,0.0,momentum,0.99,0.39229166666666665,0.37166666666666665,11.77772272945536
relu,"[64, 64]",0.0001,0.0,0.0,0.0001,adam,0.0,0.35,0.34833333333333333,7.497757525582323
relu,"[64, 64]",0.0001,0.0,0.0,0.0001,momentum,0.9,0.4295833333333333,0.425,11.205313391425186
relu,"[64, 64]",0.0001,0.0,0.0,0.0001,momentum,0.99,0.2991666666666667,0.3,15.015929501573037
relu,"[64, 64]",0.0001,0.0,0.0,0.01,adam,0.0,0.36520833333333336,0.37833333333333335,24.28417891255493
relu,"[64, 64]",0.0001,0.0,0.0,0.01,momentum,0.9,0.30395833333333333,0.30666666666666664,30.386727384203574
relu,"[64, 64]",0.0001,0.0,0.0,0.01,momentum,0.99,0.336875,0.335,28.331763013312056
relu,"[64, 64]",0.0001,0.0,0.0001,0.0,adam,0.0,0.3358333333333333,0.355,10.98012940857508
relu,"[64, 64]",0.0001,0.0,0.0001,0.0,momentum,0.9,0.34,0.355,15.77379646822943
relu,"[64, 64]",0.0001,0.0,0.0001,0.0,momentum,0.99,0.33541666666666664,0.3416666666666667,12.518646527970036
relu,"[64, 64]",0.0001,0.0,0.0001,0.0001,adam,0.0,0.26895833333333335,0.27666666666666667,12.836108309092001
relu,"[64, 64]",0.0001,0.0,0.0001,0.0001,momentum,0.9,0.33375,0.3016666666666667,12.771898246556058
relu,"[64, 64]",0.0001,0.0,0.0001,0.0001,momentum,0.99,0.35041666666666665,0.35833333333333334,13.775996579282854
relu,"[64, 64]",0.0001,0.0,0.0001,0.01,adam,0.0,0.3383333333333333,0.3433333333333333,27.684747989135182
relu,"[64, 64]",0.0001,0.0,0.0001,0.01,momentum,0.9,0.3620833333333333,0.3566666666666667,29.94166898497498
relu,"[64, 64]",0.0001,0.0,0.0001,0.01,momentum,0.99,0.329375,0.315,32.37857824656487
relu,"[64, 64]",0.0001,0.5,0.0,0.0,adam,0.0,0.36916666666666664,0.3433333333333333,16.74383298270766
relu,"[64, 64]",0.0001,0.5,0.0,0.0,momentum,0.9,0.30583333333333335,0.315,18.32973739155062
relu,"[64, 64]",0.0001,0.5,0.0,0.0,momentum,0.99,0.3120833333333333,0.32,16.754160739006227
relu,"[64, 64]",0.0001,0.5,0.0,0.0001,adam,0.0,0.2997916666666667,0.30666666666666664,18.542685991964294
relu,"[64, 64]",0.0001,0.5,0.0,0.0001,momentum,0.9,0.3152083333333333,0.2866666666666667,17.358111494036276
relu,"[64, 64]",0.0001,0.5,0.0,0.0001,momentum,0.99,0.329375,0.36333333333333334,16.839011235579882
relu,"[64, 64]",0.0001,0.5,0.0,0.01,adam,0.0,0.326875,0.32166666666666666,34.55357302291206
relu,"[64, 64]",0.0001,0.5,0.0,0.01,momentum,0.9,0.325625,0.2966666666666667,33.778261554181825
relu,"[64, 64]",0.0001,0.5,0.0,0.01,momentum,0.99,0.34541666666666665,0.30666666666666664,34.24933005191009
relu,"[64, 64]",0.0001,0.5,0.0001,0.0,adam,0.0,0.3727083333333333,0.34,16.3675462799477
relu,"[64, 64]",0.0001,0.5,0.0001,0.0,momentum,0.9,0.3525,0.34833333333333333,17.693411923682554
relu,"[64, 64]",0.0001,0.5,0.0001,0.0,momentum,0.99,0.3720833333333333,0.35,17.011466207030683
relu,"[64, 64]",0.0001,0.5,0.0001,0.0001,adam,0.0,0.37583333333333335,0.3516666666666667,17.17867197402217
relu,"[64, 64]",0.0001,0.5,0.0001,0.0001,momentum,0.9,0.3077083333333333,0.29,17.33797161060596
relu,"[64, 64]",0.0001,0.5,0.0001,0.0001,momentum,0.99,0.33666666666666667,0.34833333333333333,18.652163264308896
relu,"[64, 64]",0.0001,0.5,0.0001,0.01,adam,0.0,0.319375,0.31666666666666665,34.846173783459776
relu,"[64, 64]",0.0001,0.5,0.0001,0.01,momentum,0.9,0.3904166666666667,0.39166666666666666,34.120579346956234
relu,"[64, 64]",0.0001,0.5,0.0001,0.01,momentum,0.99,0.26916666666666667,0.285,35.36911618892584
relu,"[64, 64, 64]",0.001,0.0,0.0,0.0,adam,0.0,0.535,0.5166666666666667,4.937523171681069
relu,"[64, 64, 64]",0.001,0.0,0.0,0.0,momentum,0.9,0.476875,0.4483333333333333,7.727685686369893
relu,"[64, 64, 64]",0.001,0.0,0.0,0.0,momentum,0.99,0.4775,0.4483333333333333,11.75288541057721
relu,"[64, 64, 64]",0.001,0.0,0.0,0.0001,adam,0.0,0.54875,0.49333333333333335,4.4190133599127845
relu,"[64, 64, 64]",0.001,0.0,0.0,0.0001,momentum,0.9,0.444375,0.43666666666666665,9.080108988505879
relu,"[64, 64, 64]",0.001,0.0,0.0,0.0001,momentum,0.99,0.39125,0.37666666666666665,13.655416707818969
relu,"[64, 64, 64]",0.001,0.0,0.0,0.01,adam,0.0,0.52875,0.47833333333333333,31.09603438804816
relu,"[64, 64, 64]",0.001,0.0,0.0,0.01,momentum,0.9,0.44583333333333336,0.41833333333333333,39.47933497092973
relu,"[64, 64, 64]",0.001,0.0,0.0,0.01,momentum,0.99,0.366875,0.3383333333333333,45.52887147574805
relu,"[64, 64, 64]",0.001,0.0,0.0001,0.0,adam,0.0,0.5233333333333333,0.5183333333333333,4.970885458854713
relu,"[64, 64, 64]",0.001,0.0,0.0001,0.0,momentum,0.9,0.448125,0.4483333333333333,9.214696483721864
relu,"[64, 64, 64]",0.001,0.0,0.0001,0.0,momentum,0.99,0.4477083333333333,0.44666666666666666,14.494252441889653
relu,"[64, 64, 64]",0.001,0.0,0.0001,0.0001,adam,0.0,0.5483333333333333,0.49666666666666665,5.064193275205412
relu,"[64, 64, 64]",0.001,0.0,0.0001,0.0001,momentum,0.9,0.451875,0.47333333333333333,9.399369526776889
relu,"[64, 64, 64]",0.001,0.0,0.0001,0.0001,momentum,0.99,0.39229166666666665,0.38333333333333336,16.394823829035964
relu,"[64, 64, 64]",0.001,0.0,0.0001,0.01,adam,0.0,0.550625,0.5233333333333333,34.00598454470177
relu,"[64, 64, 64]",0.001,0.0,0.0001,0.01,momentum,0.9,0.468125,0.43833333333333335,39.401274347542135
relu,"[64, 64, 64]",0.001,0.0,0.0001,0.01,momentum,0.99,0.38416666666666666,0.35,46.008532694913384
relu,"[64, 64, 64]",0.001,0.5,0.0,0.0,adam,0.0,0.45125,0.44666666666666666,18.24937130734835
relu,"[64, 64, 64]",0.001,0.5,0.0,0.0,momentum,0.9,0.35208333333333336,0.35833333333333334,19.98887441149141
relu,"[64, 64, 64]",0.001,0.5,0.0,0.0,momentum,0.99,0.31083333333333335,0.30666666666666664,21.502546230112117
relu,"[64, 64, 64]",0.001,0.5,0.0,0.0001,adam,0.0,0.4897916666666667,0.4866666666666667,18.232396269662914
relu,"[64, 64, 64]",0.001,0.5,0.0,0.0001,momentum,0.9,0.428125,0.44166666666666665,20.209866219453836
relu,"[64, 64, 64]",0.001,0.5,0.0,0.0001,momentum,0.99,0.398125,0.40166666666666667,20.937648203551422
relu,"[64, 64, 64]",0.001,0.5,0.0,0.01,adam,0.0,0.483125,0.4666666666666667,45.23499278280593
relu,"[64, 64, 64]",0.001,0.5,0.0,0.01,momentum,0.9,0.44416666666666665,0.425,49.63167357229747
relu,"[64, 64, 64]",0.001,0.5,0.0,0.01,momentum,0.99,0.33375,0.36,51.98789677155141
relu,"[64, 64, 64]",0.001,0.5,0.0001,0.0,adam,0.0,0.4997916666666667,0.49333333333333335,19.375762881418144
relu,"[64, 64, 64]",0.001,0.5,0.0001,0.0,momentum,0.9,0.43645833333333334,0.41,20.724201059824324
relu,"[64, 64, 64]",0.001,0.5,0.0001,0.0,momentum,0.99,0.3127083333333333,0.325,21.421631502343818
relu,"[64, 64, 64]",0.001,0.5,0.0001,0.0001,adam,0.0,0.4795833333333333,0.46166666666666667,17.959000314053682
relu,"[64, 64, 64]",0.001,0.5,0.0001,0.0001,momentum,0.9,0.4164583333333333,0.4033333333333333,20.767200654017532
relu,"[64, 64, 64]",0.001,0.5,0.0001,0.0001,momentum,0.99,0.3875,0.3416666666666667,21.390152067812497
relu,"[64, 64, 64]",0.001,0.5,0.0001,0.01,adam,0.0,0.485,0.5016666666666667,44.17405465699798
relu,"[64, 64, 64]",0.001,0.5,0.0001,0.01,momentum,0.9,0.4170833333333333,0.405,51.362223491904906
relu,"[64, 64, 64]",0.001,0.5,0.0001,0.01,momentum,0.99,0.40166666666666667,0.405,51.91768998438314
relu,"[64, 64, 64]",0.0001,0.0,0.0,0.0,adam,0.0,0.39520833333333333,0.37166666666666665,15.590574844089675
relu,"[64, 64, 64]",0.0001,0.0,0.0,0.0,momentum,0.9,0.3329166666666667,0.3016666666666667,18.406447448259097
relu,"[64, 64, 64]",0.0001,0.0,0.0,0.0,momentum,0.99,0.3597916666666667,0.3466666666666667,15.63420627315404
relu,"[64, 64, 64]",0.0001,0.0,0.0,0.0001,adam,0.0,0.38916666666666666,0.375,15.067885215170376
relu,"[64, 64, 64]",0.0001,0.0,0.0,0.0001,momentum,0.9,0.28270833333333334,0.29833333333333334,17.72102158775123
relu,"[64, 64, 64]",0.0001,0.0,0.0,0.0001,momentum,0.99,0.37916666666666665,0.35333333333333333,16.859909075413036
relu,"[64, 64, 64]",0.0001,0.0,0.0,0.01,adam,0.0,0.35479166666666667,0.32,48.22316334927602
relu,"[64, 64, 64]",0.0001,0.0,0.0,0.01,momentum,0.9,0.3433333333333333,0.36,48.82699164951825
relu,"[64, 64, 64]",0.0001,0.0,0.0,0.01,momentum,0.99,0.38875,0.3883333333333333,43.89150617515936
relu,"[64, 64, 64]",0.0001,0.0,0.0001,0.0,adam,0.0,0.3564583333333333,0.35333333333333333,18.315618739338674
relu,"[64, 64, 64]",0.0001,0.0,0.0001,0.0,momentum,0.9,0.370625,0.3516666666666667,16.494577403663715
relu,"[64, 64, 64]",0.0001,0.0,0.0001,0.0,momentum,0.99,0.37604166666666666,0.37333333333333335,17.361817454707772
relu,"[64, 64, 64]",0.0001,0.0,0.0001,0.0001,adam,0.0,0.36895833333333333,0.385,16.71394042217142
relu,"[64, 64, 64]",0.0001,0.0,0.0001,0.0001,momentum,0.9,0.31979166666666664,0.34,19.25325892198078
relu,"[64, 64, 64]",0.0001,0.0,0.0001,0.0001,momentum,0.99,0.335,0.33166666666666667,21.87191444798631
relu,"[64, 64, 64]",0.0001,0.0,0.0001,0.01,adam,0.0,0.39916666666666667,0.39666666666666667,45.11860327216615
relu,"[64, 64, 64]",0.0001,0.0,0.0001,0.01,momentum,0.9,0.3727083333333333,0.34833333333333333,46.48864699125701
relu,"[64, 64, 64]",0.0001,0.0,0.0001,0.01,momentum,0.99,0.2791666666666667,0.26,48.95388761397464
relu,"[64, 64, 64]",0.0001,0.5,0.0,0.0,adam,0.0,0.24041666666666667,0.2633333333333333,22.157476224736797
relu,"[64, 64, 64]",0.0001,0.5,0.0,0.0,momentum,0.9,0.3595833333333333,0.35833333333333334,21.29723745356417
relu,"[64, 64, 64]",0.0001,0.5,0.0,0.0,momentum,0.99,0.36833333333333335,0.355,21.69534686938051
relu,"[64, 64, 64]",0.0001,0.5,0.0,0.0001,adam,0.0,0.36666666666666664,0.395,22.290130197712667
relu,"[64, 64, 64]",0.0001,0.5,0.0,0.0001,momentum,0.9,0.39166666666666666,0.41333333333333333,21.7573011477176
relu,"[64, 64, 64]",0.0001,0.5,0.0,0.0001,momentum,0.99,0.30333333333333334,0.31833333333333336,21.766120632661053
relu,"[64, 64, 64]",0.0001,0.5,0.0,0.01,adam,0.0,0.340625,0.3466666666666667,51.64084110749779
relu,"[64, 64, 64]",0.0001,0.5,0.0,0.01,momentum,0.9,0.25979166666666664,0.3,52.37736274194294
relu,"[64, 64, 64]",0.0001,0.5,0.0,0.01,momentum,0.99,0.33541666666666664,0.32166666666666666,52.400750539353936
relu,"[64, 64, 64]",0.0001,0.5,0.0001,0.0,adam,0.0,0.37354166666666666,0.36666666666666664,22.36282821286214
relu,"[64, 64, 64]",0.0001,0.5,0.0001,0.0,momentum,0.9,0.33708333333333335,0.375,21.442323351491964
relu,"[64, 64, 64]",0.0001,0.5,0.0001,0.0,momentum,0.99,0.37666666666666665,0.37333333333333335,22.11581488595896
relu,"[64, 64, 64]",0.0001,0.5,0.0001,0.0001,adam,0.0,0.35208333333333336,0.36333333333333334,22.31926434895709
relu,"[64, 64, 64]",0.0001,0.5,0.0001,0.0001,momentum,0.9,0.35854166666666665,0.38666666666666666,21.86807031829412
relu,"[64, 64, 64]",0.0001,0.5,0.0001,0.0001,momentum,0.99,0.3925,0.38333333333333336,21.893023662526193
relu,"[64, 64, 64]",0.0001,0.5,0.0001,0.01,adam,0.0,0.35125,0.3466666666666667,51.05114855468703
relu,"[64, 64, 64]",0.0001,0.5,0.0001,0.01,momentum,0.9,0.30666666666666664,0.32,52.05157061939607
relu,"[64, 64, 64]",0.0001,0.5,0.0001,0.01,momentum,0.99,0.3433333333333333,0.325,52.590640219041276
relu,"[128, 128, 128]",0.001,0.0,0.0,0.0,adam,0.0,0.6104166666666667,0.5466666666666666,7.439901050621486
relu,"[128, 128, 128]",0.001,0.0,0.0,0.0,momentum,0.9,0.50375,0.48333333333333334,12.098473123102552
relu,"[128, 128, 128]",0.001,0.0,0.0,0.0,momentum,0.99,0.5177083333333333,0.49833333333333335,14.054536339046244
relu,"[128, 128, 128]",0.001,0.0,0.0,0.0001,adam,0.0,0.57125,0.5116666666666667,9.685224865048546
relu,"[128, 128, 128]",0.001,0.0,0.0,0.0001,momentum,0.9,0.5191666666666667,0.5016666666666667,12.904901080753419
relu,"[128, 128, 128]",0.001,0.0,0.0,0.0001,momentum,0.99,0.5047916666666666,0.49,16.411732107130604
relu,"[128, 128, 128]",0.001,0.0,0.0,0.01,adam,0.0,0.6197916666666666,0.5633333333333334,112.27432389539966
relu,"[128, 128, 128]",0.001,0.0,0.0,0.01,momentum,0.9,0.5075,0.49333333333333335,126.84812835348063
relu,"[128, 128, 128]",0.001,0.0,0.0,0.01,momentum,0.99,0.441875,0.43666666666666665,132.0166632432273
relu,"[128, 128, 128]",0.001,0.0,0.0001,0.0,adam,0.0,0.5791666666666667,0.535,10.399369506846261
relu,"[128, 128, 128]",0.001,0.0,0.0001,0.0,momentum,0.9,0.5166666666666667,0.5383333333333333,13.20722776295177
relu,"[128, 128, 128]",0.001,0.0,0.0001,0.0,momentum,0.99,0.5252083333333334,0.46166666666666667,15.112322574511426
relu,"[128, 128, 128]",0.001,0.0,0.0001,0.0001,adam,0.0,0.6027083333333333,0.5283333333333333,9.931546208658474
relu,"[128, 128, 128]",0.001,0.0,0.0001,0.0001,momentum,0.9,0.5164583333333334,0.515,14.521848915175783
relu,"[128, 128, 128]",0.001,0.0,0.0001,0.0001,momentum,0.99,0.5114583333333333,0.5133333333333333,18.771268551951266
relu,"[128, 128, 128]",0.001,0.0,0.0001,0.01,adam,0.0,0.635625,0.59,111.08489286895578
relu,"[128, 128, 128]",0.001,0.0,0.0001,0.01,momentum,0.9,0.5372916666666666,0.495,128.2334085980117
relu,"[128, 128, 128]",0.001,0.0,0.0001,0.01,momentum,0.99,0.5079166666666667,0.5066666666666667,131.77179790399686
relu,"[128, 128, 128]",0.001,0.5,0.0,0.0,adam,0.0,0.53,0.5183333333333333,19.774498048543805
relu,"[128, 128, 128]",0.001,0.5,0.0,0.0,momentum,0.9,0.4997916666666667,0.5,20.789109357985193
relu,"[128, 128, 128]",0.001,0.5,0.0,0.0,momentum,0.99,0.4010416666666667,0.39666666666666667,22.057506699812464
relu,"[128, 128, 128]",0.001,0.5,0.0,0.0001,adam,0.0,0.525,0.49833333333333335,21.06468369244418
relu,"[128, 128, 128]",0.001,0.5,0.0,0.0001,momentum,0.9,0.48020833333333335,0.44666666666666666,21.961041271874414
relu,"[128, 128, 128]",0.001,0.5,0.0,0.0001,momentum,0.99,0.4977083333333333,0.47,22.404844908397884
relu,"[128, 128, 128]",0.001,0.5,0.0,0.01,adam,0.0,0.5135416666666667,0.49666666666666665,123.62724757700606
relu,"[128, 128, 128]",0.001,0.5,0.0,0.01,momentum,0.9,0.496875,0.475,135.41077544607174
relu,"[128, 128, 128]",0.001,0.5,0.0,0.01,momentum,0.99,0.38625,0.37166666666666665,136.92947910974635
relu,"[128, 128, 128]",0.001,0.5,0.0001,0.0,adam,0.0,0.49166666666666664,0.485,21.700898118670768
relu,"[128, 128, 128]",0.001,0.5,0.0001,0.0,momentum,0.9,0.5158333333333334,0.49166666666666664,22.389073179429754
relu,"[128, 128, 128]",0.001,0.5,0.0001,0.0,momentum,0.99,0.46208333333333335,0.46,23.648201179741932
relu,"[128, 128, 128]",0.001,0.5,0.0001,0.0001,adam,0.0,0.546875,0.5333333333333333,22.47448118321269
relu,"[128, 128, 128]",0.001,0.5,0.0001,0.0001,momentum,0.9,0.475625,0.43833333333333335,23.485920894479573
relu,"[128, 128, 128]",0.001,0.5,0.0001,0.0001,momentum,0.99,0.410625,0.43666666666666665,24.729973100581823
relu,"[128, 128, 128]",0.001,0.5,0.0001,0.01,adam,0.0,0.5270833333333333,0.5016666666666667,126.65350906433187
relu,"[128, 128, 128]",0.001,0.5,0.0001,0.01,momentum,0.9,0.48625,0.4666666666666667,135.91573408178692
relu,"[128, 128, 128]",0.001,0.5,0.0001,0.01,momentum,0.99,0.4825,0.48833333333333334,138.22861772142062
relu,"[128, 128, 128]",0.0001,0.0,0.0,0.0,adam,0.0,0.43083333333333335,0.44666666666666666,17.118915378996757
relu,"[128, 128, 128]",0.0001,0.0,0.0,0.0,momentum,0.9,0.4554166666666667,0.41333333333333333,15.575166033465266
relu,"[128, 128, 128]",0.0001,0.0,0.0,0.0,momentum,0.99,0.32729166666666665,0.2833333333333333,20.700706042670877
relu,"[128, 128, 128]",0.0001,0.0,0.0,0.0001,adam,0.0,0.420625,0.41833333333333333,18.49826591905815
relu,"[128, 128, 128]",0.0001,0.0,0.0,0.0001,momentum,0.9,0.44625,0.44,17.23325578909824
relu,"[128, 128, 128]",0.0001,0.0,0.0,0.0001,momentum,0.99,0.4222916666666667,0.405,19.447098358459208
relu,"[128, 128, 128]",0.0001,0.0,0.0,0.01,adam,0.0,0.4091666666666667,0.37833333333333335,132.90991744346536
relu,"[128, 128, 128]",0.0001,0.0,0.0,0.01,momentum,0.9,0.3929166666666667,0.4083333333333333,134.28865975657467
relu,"[128, 128, 128]",0.0001,0.0,0.0,0.01,momentum,0.99,0.3745833333333333,0.33666666666666667,136.24076419551338
relu,"[128, 128, 128]",0.0001,0.0,0.0001,0.0,adam,0.0,0.4245833333333333,0.37166666666666665,18.600552084588713
relu,"[128, 128, 128]",0.0001,0.0,0.0001,0.0,momentum,0.9,0.379375,0.38666666666666666,19.87601235755436
relu,"[128, 128, 128]",0.0001,0.0,0.0001,0.0,momentum,0.99,0.39958333333333335,0.37833333333333335,20.274639622998542
relu,"[128, 128, 128]",0.0001,0.0,0.0001,0.0001,adam,0.0,0.356875,0.3566666666666667,22.526238812537095
relu,"[128, 128, 128]",0.0001,0.0,0.0001,0.0001,momentum,0.9,0.3672916666666667,0.36666666666666664,22.347398782877313
relu,"[128, 128, 128]",0.0001,0.0,0.0001,0.0001,momentum,0.99,0.428125,0.42,20.237893665725704
relu,"[128, 128, 128]",0.0001,0.0,0.0001,0.01,adam,0.0,0.39645833333333336,0.3983333333333333,134.0697625702586
relu,"[128, 128, 128]",0.0001,0.0,0.0001,0.01,momentum,0.9,0.40541666666666665,0.3883333333333333,135.25952854572412
relu,"[128, 128, 128]",0.0001,0.0,0.0001,0.01,momentum,0.99,0.3485416666666667,0.38,138.17742281945021
relu,"[128, 128, 128]",0.0001,0.5,0.0,0.0,adam,0.0,0.43125,0.41,21.77275004665597
relu,"[128, 128, 128]",0.0001,0.5,0.0,0.0,momentum,0.9,0.38979166666666665,0.37166666666666665,21.926048480397107
relu,"[128, 128, 128]",0.0001,0.5,0.0,0.0,momentum,0.99,0.3727083333333333,0.36,21.73206023930266
relu,"[128, 128, 128]",0.0001,0.5,0.0,0.0001,adam,0.0,0.3985416666666667,0.38333333333333336,23.285493166801096
relu,"[128, 128, 128]",0.0001,0.5,0.0,0.0001,momentum,0.9,0.32729166666666665,0.325,23.613822343147383
relu,"[128, 128, 128]",0.0001,0.5,0.0,0.0001,momentum,0.99,0.24416666666666667,0.27166666666666667,24.23155385921356
relu,"[128, 128, 128]",0.0001,0.5,0.0,0.01,adam,0.0,0.3275,0.32166666666666666,137.9401208415673
relu,"[128, 128, 128]",0.0001,0.5,0.0,0.01,momentum,0.9,0.38729166666666665,0.39666666666666667,138.73109013135803
relu,"[128, 128, 128]",0.0001,0.5,0.0,0.01,momentum,0.99,0.33541666666666664,0.34,137.86051836587785
relu,"[128, 128, 128]",0.0001,0.5,0.0001,0.0,adam,0.0,0.3416666666666667,0.29833333333333334,23.917093920440248
relu,"[128, 128, 128]",0.0001,0.5,0.0001,0.0,momentum,0.9,0.34979166666666667,0.3616666666666667,24.18501258251764
relu,"[128, 128, 128]",0.0001,0.5,0.0001,0.0,momentum,0.99,0.3252083333333333,0.31166666666666665,24.374994941853707
relu,"[128, 128, 128]",0.0001,0.5,0.0001,0.0001,adam,0.0,0.3910416666666667,0.41333333333333333,24.803214493500377
relu,"[128, 128, 128]",0.0001,0.5,0.0001,0.0001,momentum,0.9,0.3904166666666667,0.37666666666666665,25.00604215086492
relu,"[128, 128, 128]",0.0001,0.5,0.0001,0.0001,momentum,0.99,0.35,0.37833333333333335,24.98465808894703
relu,"[128, 128, 128]",0.0001,0.5,0.0001,0.01,adam,0.0,0.40020833333333333,0.365,138.85094535745583
relu,"[128, 128, 128]",0.0001,0.5,0.0001,0.01,momentum,0.9,0.40791666666666665,0.4066666666666667,138.18603021581956
relu,"[128, 128, 128]",0.0001,0.5,0.0001,0.01,momentum,0.99,0.33625,0.3466666666666667,139.72417857044428
